{"quantile": [0.1, 0.1, 0.1, 0.5, 0.5, 0.5, 0.9, 0.9, 0.9], "horizon": [7, 14, 21, 7, 14, 21, 7, 14, 21], "avg_quantile_loss": [2.7780477586929204, 6.393590280687055, 10.463301214914118, 8.908720539540377, 17.665120948109198, 26.837579704843147, 5.39681158740596, 9.654559055223935, 13.85161279402948]}